file,class,method,constructor,line,cbo,cboModified,fanin,fanout,wmc,rfc,loc,returnsQty,variablesQty,parametersQty,methodsInvokedQty,methodsInvokedLocalQty,methodsInvokedIndirectLocalQty,loopQty,comparisonsQty,tryCatchQty,parenthesizedExpsQty,stringLiteralsQty,numbersQty,assignmentsQty,mathOperationsQty,maxNestedBlocksQty,anonymousClassesQty,innerClassesQty,lambdasQty,uniqueWordsQty,modifiers,logStatementsQty,hasJavaDoc
C:\projects\Pincodes_API\src\main\java\com\pincodes_api\controllers\PincodeController.java,com.pincodes_api.controllers.PincodeController,getOnePin/1[int],false,39,5,1,0,1,2,1,9,2,1,1,1,0,0,0,0,1,0,2,0,1,0,1,0,0,0,9,1,0,false
C:\projects\Pincodes_API\src\main\java\com\pincodes_api\controllers\PincodeController.java,com.pincodes_api.controllers.PincodeController,intro/0,false,25,1,0,0,0,1,1,6,1,1,0,1,0,0,0,0,0,0,5,0,1,0,0,0,0,0,11,1,0,false
C:\projects\Pincodes_API\src\main\java\com\pincodes_api\controllers\PincodeController.java,com.pincodes_api.controllers.PincodeController,getAllPins/0,false,34,3,1,0,1,1,1,3,1,0,0,1,0,0,0,0,0,0,1,0,0,0,0,0,0,0,3,1,0,false
C:\projects\Pincodes_API\src\main\java\com\pincodes_api\controllers\PincodeController.java,com.pincodes_api.controllers.PincodeController,invalidHandle/0,false,49,2,0,0,0,1,2,3,1,0,0,2,0,0,0,0,0,0,2,0,0,0,0,0,0,0,2,1,0,false
C:\projects\Pincodes_API\src\main\java\com\pincodes_api\PincodesApiApplication.java,com.pincodes_api.PincodesApiApplication,main/1[java.lang.String[]],false,9,1,0,0,0,1,1,3,0,0,1,1,0,0,0,0,0,0,0,0,0,0,0,0,0,0,2,9,0,false
C:\projects\Pincodes_API\src\main\java\com\pincodes_api\services\PincodeService.java,com.pincodes_api.services.PincodeService,getOne/1[int],false,21,1,1,1,0,1,2,3,1,0,1,2,0,0,0,0,0,0,0,0,0,0,0,0,0,0,4,1,0,false
C:\projects\Pincodes_API\src\main\java\com\pincodes_api\services\PincodeService.java,com.pincodes_api.services.PincodeService,getAll/0,false,17,1,1,1,0,1,1,3,1,0,0,1,0,0,0,0,0,0,0,0,0,0,0,0,0,0,2,1,0,false
C:\projects\Pincodes_API\src\test\java\com\pincodes_api\PincodesApiApplicationTests.java,com.pincodes_api.PincodesApiApplicationTests,contextLoads/0,false,10,1,0,0,0,1,0,2,0,0,0,0,0,0,0,0,0,0,0,0,0,0,0,0,0,0,2,0,0,false
C:\projects\Pincodes_API\src\main\java\com\pincodes_api\db\pincodes.java,com.pincodes_api.db.pincodes,getPincode/0,false,33,0,0,0,0,1,0,3,1,0,0,0,0,0,0,0,0,0,0,0,0,0,0,0,0,0,3,1,0,false
C:\projects\Pincodes_API\src\main\java\com\pincodes_api\db\pincodes.java,com.pincodes_api.db.pincodes,pincodes/0,true,22,0,0,0,0,1,0,3,0,0,0,0,0,0,0,0,0,0,0,0,0,0,0,0,0,0,1,1,0,false
C:\projects\Pincodes_API\src\main\java\com\pincodes_api\db\pincodes.java,com.pincodes_api.db.pincodes,setState/1[java.lang.String],false,53,0,0,0,0,1,0,3,0,0,1,0,0,0,0,0,0,0,0,0,1,0,0,0,0,0,3,1,0,false
C:\projects\Pincodes_API\src\main\java\com\pincodes_api\db\pincodes.java,com.pincodes_api.db.pincodes,getDistrict/0,false,41,0,0,0,0,1,0,3,1,0,0,0,0,0,0,0,0,0,0,0,0,0,0,0,0,0,3,1,0,false
C:\projects\Pincodes_API\src\main\java\com\pincodes_api\db\pincodes.java,com.pincodes_api.db.pincodes,setPincode/1[int],false,37,0,0,0,0,1,0,3,0,0,1,0,0,0,0,0,0,0,0,0,1,0,0,0,0,0,3,1,0,false
C:\projects\Pincodes_API\src\main\java\com\pincodes_api\db\pincodes.java,com.pincodes_api.db.pincodes,"pincodes/3[int,java.lang.String,java.lang.String]",true,26,0,0,0,0,1,0,6,0,0,3,0,0,0,0,0,0,0,0,0,3,0,0,0,0,0,4,1,0,false
C:\projects\Pincodes_API\src\main\java\com\pincodes_api\db\pincodes.java,com.pincodes_api.db.pincodes,getState/0,false,49,0,0,0,0,1,0,3,1,0,0,0,0,0,0,0,0,0,0,0,0,0,0,0,0,0,3,1,0,false
C:\projects\Pincodes_API\src\main\java\com\pincodes_api\db\pincodes.java,com.pincodes_api.db.pincodes,setDistrict/1[java.lang.String],false,45,0,0,0,0,1,0,3,0,0,1,0,0,0,0,0,0,0,0,0,1,0,0,0,0,0,3,1,0,false
